,Mean CV Accuracy,Mean CV Precision,Mean CV Recall,Mean CV AUC ROC
ANN,0.7488190364277321,0.7762278071131614,0.7488190364277321,0.9122436087040307
DNN,0.7262044653349001,0.7488225517708063,0.7262044653349001,0.9339102496537951
CNN,0.49780258519388954,0.4380311868568634,0.49780258519388954,0.6811146820691379
LSTM,0.5129847238542891,0.45513152337132395,0.5129847238542891,0.6977955763983618
