Model,Mean CV Accuracy,Mean CV ROC AUC
Logistic Regression,0.9285546415981198,0.977008275076581
Random Forest,0.9913396004700352,0.9998957361727158
Support Vector Machine,0.9502173913043478,0.9800800483812203
K-Nearest Neighbors,0.8733842538190364,0.9691047575918125
Decision Tree,1.0,1.0
